Severity,total_accidentes,porcentaje
2,3348445,94.20168353284762
4,112511,3.1652679425716173
3,68026,1.913773027182914
1,25567,0.7192754973978415
